comparison,n_common_snps,threshold_p,n_sig_plink,n_sig_gemma,n_overlap,jaccard
baseline_nocov,97210,5e-08,23613,959,603,0.025157495097834704
baseline_nocov,97210,1e-05,33643,1257,741,0.021692672502122427
baseline_nocov,97210,0.001,47610,1789,1130,0.023410470488305125
baseline_pc,97211,5e-08,921,905,665,0.5727820844099913
baseline_pc,97211,1e-05,1382,1192,834,0.4793103448275862
baseline_pc,97211,0.001,2177,1607,1040,0.37900874635568516
